Ain;Bourg-en-Bresse;Le Pont des Chèvres, Reyssouze
Ain;Oyonnax;La Plaine, La Forge
Aisne;Soissons;Presles Chevreux
Aisne;Laon;Champagne, Moulin Roux
Aisne;Laon;Ile de France
Aisne;Laon;Montreuil
Aisne;Saint-Quentin;Europe
Aisne;Saint-Quentin;Faubourg d'Isle
Aisne;Saint-Quentin;Neuville
Aisne;Saint-Quentin;Le Vermandois : Vermand, Fayet, Artois, Champagne
Allier;Moulins;Les Chartreux
Allier;Moulins;Moulins Sud : Champins, Champmilan, Nomazy
Allier;Yzeure;Le Plessis
Allier;Cusset;Presle, Les Darcins
Allier;Vichy;Les Ailes, Port Charmeil
Allier;Domérat, Montluçon;Bien Assis*
Allier;Montluçon;Dunlop, Pré Gené
Allier;Montluçon;Fontbouillant
Alpes-de-Haute-Provence;Digne-les-Bains;Le Pigeonnier,  Barbejas
Alpes-Maritimes;Vallauris;La Zaïne
Alpes-Maritimes;Nice, Saint-André;L'Ariane*
Alpes-Maritimes;Nice;Saint Augustin
Alpes-Maritimes;Nice;Saint Charles, Bon Voyage, Pasteur, Mont Gros
Alpes-Maritimes;Nice;Trachel
Ardèche;Annonay;Le Zodiaque
Ardèche;Aubenas;Les Oliviers
Ardennes;Fumay;Le Charnois
Ardennes;Rethel;Les Régions
Ardennes;Revin;Orzy
Ardennes;Charleville-Mézières;Houillère
Ardennes;Charleville-Mézières;Manchester
Ardennes;Charleville-Mézières;Ronde Couture
Ardennes;Sedan;Le Lac
Ardennes;Sedan;Torcy Cité
Aube;Bar-sur-Aube;Les Varennes
Aube;Romilly-sur-Seine;Nouveau Romilly
Aube;La Chapelle-Saint-Luc, Les Noës-Près-Troyes, Troyes;Chantereigne Montvilliers *
Aube;Pont-Sainte-Marie;Les 20 Arpents
Aube;Saint-André-les-Vergers;Maugout
Aube;Troyes;Les Chartreux
Aube;Troyes;Point du Jour
Aube;Troyes;Vouldy, Jules Guesde, Trévois, Les Sénardes
Aude;Carcassonne;La Conte
Aude;Carcassonne;Le Viguier : Saint Jacques
Aude;Narbonne;Saint Jean, Saint Pierre
Aveyron;Villefranche-de-Rouergue;Le Tricot
Bouches-du-Rhône;Tarascon;Centre, Les Ferrages
Bouches-du-Rhône;Aix-en-Provence;Beisson
Bouches-du-Rhône;Aix-en-Provence;Corsy
Bouches-du-Rhône;Aix-en-Provence;Jas de Bouffan
Bouches-du-Rhône;Arles;Barriol
Bouches-du-Rhône;Arles;Griffeuille
Bouches-du-Rhône;Arles;Trébon
Bouches-du-Rhône;La Ciotat;Abeille, La Maurelle, Matagots
Bouches-du-Rhône;La Ciotat;Centre
Bouches-du-Rhône;La Ciotat;Fardeloup
Bouches-du-Rhône;Marseille 1er, 2e, 3e et 6e ;Centre Nord
Bouches-du-Rhône;Marseille 12e et 13e;La Rose, Frais Vallon, Le Petit Séminaire
Bouches-du-Rhône;Marseille 9e;Les Hauts de Mazargues
Bouches-du-Rhône;Marseille 15e et 16e;Nord Littoral : Plan d'Aou, La Bricarde, La Castellanne, Le Vallon, Mourepiane
Bouches-du-Rhône;Marseille 16e;L'Estaque, Saumaty
Bouches-du-Rhône;Marseille 15e et 16e;Quinzième Sud : Consolat, Viste, Aygalades
Bouches-du-Rhône;Marseille 15e;Saint Antoine Est : La Savine, Notre Dame Limite
Bouches-du-Rhône;Marseille 14e et 15e;Saint Barthélémy, Le Canet, Delorme Paternelle
Bouches-du-Rhône;Marseille 3e et 15e;Saint Mauront, Bellevue, Cabucelle
Bouches-du-Rhône;Marseille 11e et 12e;Air Bel
Bouches-du-Rhône;Marseille 10e et 11e;Vallée de l'Huveaune : Rouguière, Saint Marcel
Bouches-du-Rhône;Marseille 13e;Malpassé, Saint Jérôme
Bouches-du-Rhône;Miramas;Quartier Nord
Bouches-du-Rhône;Port-de-Bouc;La Lèque, Les Aigues Douces
Bouches-du-Rhône;Port-de-Bouc;Les Amarantes
Bouches-du-Rhône;Port-de-Bouc;Les Comtes
Bouches-du-Rhône;Port-Saint-Louis-du-Rhône;Vauban
Bouches-du-Rhône;Salon-de-Provence;La Monaque
Bouches-du-Rhône;Salon-de-Provence;Les Canourgues
Calvados;Caen;La Grâce de Dieu
Calvados;Caen;La Guérinière
Calvados;Caen;Pierre Heuzé
Calvados;Hérouville-Saint-Clair;Hérouville Est : Le Val, Les Belles Portes, Le Grand Parc
Charente;Cognac;Crouin
Charente;Angoulême;Basseau, Grande Garenne
Charente;Angoulême;Bel Air, Grand Font
Charente;Angoulême;Ma Campagne
Charente;Soyaux;Champ de Manoeuvre
Charente-Maritime;Saintes;Bellevue
Charente-Maritime;Rochefort;Petit Marseille
Charente-Maritime;Aytré;Résidence Pierre Loti (Résidence Karine)
Charente-Maritime;La Rochelle;Mireuil, Laleu, La Pallice, La Rossignolette
Charente-Maritime;La Rochelle;Villeneuve les Salines
Cher;Bourges;Aéroport
Cher;Bourges;Bourges Nord :  Chancellerie, Gibjoncs, Turly, Barbottes
Cher;Vierzon;Clos du Roy
Cher;Vierzon;Henri Sellier
Corse-du-Sud;Ajaccio;Cannes, Les Salines
Corse-du-Sud;Ajaccio;Jardins Empereur
Corse-du-Sud;Ajaccio;Pietralba
Corse-du-Sud;Ajaccio;Saint Jean
Haute-Corse;Bastia;Quartiers Sud
Côte-d'Or;Chenôve;Le Mail
Côte-d'Or;Dijon;Les Grésilles
Côte-d'Or;Longvic;Le Bief du Moulin
Côte-d'Or;Quétigny;Centre Ville
Côte-d'Or;Talant;Le Belvédère
Côtes-d'Armor;Saint-Brieuc;Croix Saint Lambert, Ville Oger
Côtes-d'Armor;Saint-Brieuc;Le Plateau, Balzac, Ginglin
Côtes-d'Armor;Saint-Brieuc;Point du Jour, Waron, Saint Jouan, Tour d'Auvergne
Dordogne;Boulazac;Le Vignaud
Doubs;Besançon;Cité Brûlard
Doubs;Besançon;Clairs Soleils
Doubs;Besançon;Palente, Orchamps
Doubs;Besançon;Planoise
Doubs;Audincourt;Les Champs Montants
Doubs;Audincourt;Courbet, Pergaud
Doubs;Bavans;Champerriet
Doubs;Bethoncourt;Champvallon
Doubs;Etupes;La Montagne
Doubs;Grand-Charmont;Les Fougères
Doubs;Montbéliard;La Chiffogne
Doubs;Montbéliard;Petite Hollande
Doubs;Valentigney;Les Buis
Drôme;Donzère;L'Enclos
Drôme;Montélimar;Quartiers Ouest : Pracomtal, Grange Neuve, Bagatelle, Le Plan, Jean Moulin
Drôme;Pierrelatte;Le Roc
Drôme;Romans-sur-Isère;La Monnaie
Drôme;Valence;Le Polygone
Drôme;Valence;Valence le Haut : Fontbarlette, Le Plan
Eure;Vernon;Valmeux, Blanchères, Boutardes
Eure;Évreux;Clos au Duc
Eure;Évreux;La Madeleine
Eure;Évreux;Nétreville
Eure;Louviers;ZAC de la Justice
Eure-et-Loir;Châteaudun;Beauvoir
Eure-et-Loir;Chartres;Beaulieu, Hauts de Chartres, Saint Chéron
Eure-et-Loir;Lucé;Bruxelles
Eure-et-Loir;Lucé;Paradis, Vieux Puits, Maunoury
Eure-et-Loir;Mainvilliers;Tallemont
Eure-et-Loir;Dreux;Bergeronettes, Prod'homme, Aubépines
Eure-et-Loir;Dreux, Sainte-Gemme-Moronval;Plateau Est* : Chamards, Croix Tiénac, Lièvre d'Or, Le Moulec, Haricot, Feilleuses
Eure-et-Loir;Dreux;Les Bâtes
Eure-et-Loir;Vernouillet;Cité de la Tabellionne
Eure-et-Loir;Vernouillet;Les Vauvettes
Finistère;Brest;Kerédern
Finistère;Brest;Pontanezen
Finistère;Brest;Kerourien
Finistère;Quimper;Kermoysan
Gard;Bagnols-sur-Cèze;Les Escanaux, Coronelle, Citadelle
Gard;Beaucaire;Centre
Gard;Saint-Gilles;Sabatot
Gard;Beaucaire;La Moulinelle
Gard;Nîmes;Chemin Bas d'Avignon
Gard;Nîmes;Mas de Mingue
Gard;Nîmes;ZUP Pissevin, Valdegour
Gard;Alès;Les Cévennes
Gard;Alès;Prés Saint Jean
Gard;La Grand-Combe;Trescol
Haute-Garonne;Cugnaux;Le Vivier, Le Maçon
Haute-Garonne;Toulouse;Empalot
Haute-Garonne;Toulouse;Faourette, Bordelongue, Bagatelle
Haute-Garonne;Toulouse;La Reynerie, Bellefontaine
Haute-Garonne;Toulouse;Les Izards
Gironde;Bègles;Paty, Monmousseau
Gironde;Bègles;Thorez, Goëlands
Gironde;Bègles, Bordeaux;Yves Farges*, Belcier*
Gironde;Bordeaux;Bacalan, Claveau
Gironde;Bordeaux, Cenon, Floirac;Cité Benauge (Bastide)*, Bas Cenon*, Cité Libération*
Gironde;Bordeaux;Les Aubiers
Gironde;Bordeaux;Saint Michel
Gironde;Bordeaux, Cenon, Floirac, Lormont;Hauts de Garonne*, Bastide* : Quais Queyries, Brazza
Gironde;Mérignac;Beaudésert
Gironde;Pessac;Alouette, Haut Livrac
Gironde;Pessac;Saige, Châtaigneraie, Cité Ladonne
Gironde;Talence, Villenave-d'Ornon;Thouars*
Gironde;Villenave-d'Ornon;Sarcignan
Hérault;Lodève;Les Gobelins, Cité Montifort, Saint Martin
Hérault;Lunel;Cité la Roquette, L'Abrivado, La Brèche
Hérault;Béziers;Le Faubourg, Centre
Hérault;Béziers;Les Arènes, La Devèze
Hérault;Béziers;Pintat, Les Oiseaux
Hérault;Montpellier;Gély, Figuerolles 
Hérault;Montpellier;La Paillade
Hérault;Montpellier;Les Cévennes
Hérault;Montpellier;Pas du Loup, Val de Croze, Paul Valéry
Hérault;Montpellier;Le Petit Bard, Pergola
Hérault;Frontignan;La Peyrade
Hérault;Frontignan;Quartier Nord
Hérault;Sète;Presqu'île de Thau
Ille-et-Vilaine;Fougères;Cotterêts
Ille-et-Vilaine;Rennes;Cleunay
Ille-et-Vilaine;Rennes;Les Champs Manceaux, Les Cloteaux
Ille-et-Vilaine;Rennes;Le Blosne
Ille-et-Vilaine;Rennes;Maurepas
Ille-et-Vilaine;Rennes;Villejean
Ille-et-Vilaine;Saint-Malo;La Découverte
Indre;Châteauroux;Beaulieu
Indre;Châteauroux;Saint Jean
Indre;Châteauroux;Vaugirard
Indre-et-Loire;Amboise;La Verrerie
Indre-et-Loire;Joué-lès-Tours;La Rabière
Indre-et-Loire;La Riche;Niqueux Bruère 
Indre-et-Loire;Saint-Pierre-des-Corps;La Rabâterie
Indre-et-Loire;Tours;Le Sanitas
Isère;Villefontaine;Servenoble, Saint Bonnet, Les Roches
Isère;Echirolles;La Villeneuve : Les Essarts, Surieux
Isère;Fontaine;Floralies
Isère;Grenoble;Village Olympique, La Villeneuve : Arlequins, Baladins
Isère;Grenoble;Mistral
Isère;Grenoble;Teisseire, L'Abbaye, Jouhaux, Châtelet
Isère;Saint-Martin-d'Hères;Renaudie
Isère;Saint-Martin-le-Vinoux;Pique Pierre, Buisserate
Isère;Chavanoz;Moulin Villette 
Isère;Pont-Evêque;Le Plan des Aures
Isère;Vienne;Grand Estressin, Portes de Lyon
Isère;Vienne;Malissol
Jura;Saint-Claude;Les Avignonnets
Jura;Dole;Les Mesnils Pasteurs
Jura;Lons-le-Saunier;La Marjorie, Les Mouillères
Landes;Mont-de-Marsan;Le Peyrouat
Landes;Saint-Pierre-du-Mont;La Moustey
Loir-et-Cher;Blois;Bégon, Croix Chevalier
Loir-et-Cher;Romorantin-Lanthenay;Saint Marc
Loir-et-Cher;Vendôme;Les Rottes
Loire;Saint-Étienne;Montchovet
Loire;Saint-Étienne;Montreynaud
Loire;Saint-Étienne;Tarentaise, Beaubrun, Séverine
Loire;Roanne;Halage, Mayollet
Loire;Roanne;Parc des Sports, Oudan
Loire;Rive-de-Gier;Le Grand Pont
Loire;Le Chambon-Feugerolles;La Romière, Le Bouchet
Loire;La Ricamarie;Le Montcel
Haute-Loire;Le Puy-en-Velay;Quartier Guitard
Loire-Atlantique;Nantes, Saint-Herblain;Bellevue*
Loire-Atlantique;Nantes;Les Dervallières
Loire-Atlantique;Nantes;Malakoff
Loire-Atlantique;Nantes;Quartier Est
Loire-Atlantique;Nantes;Quartiers Nord
Loire-Atlantique;Rezé;Château Mahaudières
Loire-Atlantique;Saint-Nazaire;Quartier Nord (Petit Caporal)
Loire-Atlantique;Saint-Nazaire;Quartiers Ouest : Avalix, La Boulletterie, Tréballe, La Chesnaie
Loire-Atlantique;Trignac;Certé
Loire-Atlantique;Saint-Nazaire;Méan, Penhoët
Loiret;Orléans;Argonne
Loiret;Orléans;La Source
Loiret;Saint-Jean-de-la-Ruelle;Salmonerie, Prairie, Pincevent
Loiret;Pithiviers;Quartier Nord
Loiret;Pithiviers;Saint Aignan
Lot-et-Garonne;Agen;Montanou
Lot-et-Garonne;Agen;Zone Sud Est : Cité Rodrigue, Cité Tapie, Cité Barleté
Maine-et-Loire;Angers;Belle Beille
Maine-et-Loire;Angers;Monplaisir
Maine-et-Loire;Angers;Verneau, Capucins
Maine-et-Loire;Trélazé;Les Plaines
Maine-et-Loire;Cholet;Bonnevay
Maine-et-Loire;Cholet;Bretagne, Bostangis
Maine-et-Loire;Cholet;Favreau
Maine-et-Loire;Cholet;Girardière, Turbaudières
Maine-et-Loire;Saumur;Le Chemin Vert
Maine-et-Loire;Saumur;La Croix Verte
Manche;Saint-Lô;Val Saint Jean
Manche;Cherbourg;Quartier Est, Le Maupas
Manche;Cherbourg, Octeville;Les Provinces*
Marne;Châlons-en-Champagne;Rive Gauche : Mont Saint Michel, La Bidée, Frison Gare
Marne;Châlons-en-Champagne;Schmit
Marne;Châlons-en-Champagne;Vallée Saint Pierre 
Marne;Châlons-en-Champagne;Verbeau, Alsace
Marne;Epernay;Bernon
Marne;Epernay;Vignes Blanches, Beau Soleil
Marne;Reims;Les Châtillons
Marne;Reims;Croix Rouge
Marne;Reims;Epinettes
Marne;Reims;Orgeval
Marne;Reims;Wilson
Marne;Vitry-le-François;Le Hamois
Marne;Vitry-le-François;Rome, Saint Charles, Le Désert
Haute-Marne;Saint-Dizier;Grand Lachat
Haute-Marne;Saint-Dizier;Vert Bois
Mayenne;Laval;Les Fourches
Mayenne;Laval;Les Pommeraies
Mayenne;Laval;ZUP Saint Nicolas 
Meurthe-et-Moselle;Mont-Saint-Martin;Val Saint Martin
Meurthe-et-Moselle;Toul;Croix de Metz
Meurthe-et-Moselle;Lunéville;Niederbronn, Zola
Meurthe-et-Moselle;Jarville-la-Malgrange;La Californie
Meurthe-et-Moselle;Laxou;Les Provinces
Meurthe-et-Moselle;Malzéville, Saint-Max;Jéricho, Saint Michel*
Meurthe-et-Moselle;Laxou, Maxéville, Nancy;Champ le Boeuf*, Les Aulnes*, Le Haut du Lièvre*
Meurthe-et-Moselle;Tomblaine;Jartom
Meurthe-et-Moselle;Vandoeuvre-lès-Nancy;Les Nations
Meuse;Verdun;Cité Verte
Meuse;Verdun;Les Planchettes
Morbihan;Lanester;Chantiers République
Morbihan;Lorient;Bois du Château
Morbihan;Lorient;Kervénanec
Morbihan;Lorient;Polygône, Frébault
Morbihan;Vannes;Kercado
Morbihan;Vannes;Ménimur
Moselle;Creutzwald;Breckelberg, Fatima, Garang
Moselle;Creutzwald;Cité Maroc
Moselle;Folschviller, Valmont;Cité du Furst*
Moselle;Moyeuvre-Grande;Froidcul
Moselle;Saint-Avold;La Carrière, Le Wenheck
Moselle;Sarreguemines;Beau Soleil
Moselle;Behren-lès-Forbach;La Cité
Moselle;Farébersviller, Théding;La Cité*
Moselle;Forbach;Bellevue
Moselle;Forbach;Le Kobenberg
Moselle;Forbach;Le Wiesberg, L'Hommel
Moselle;Hombourg-Haut;La Cité des Chênes
Moselle;Freyming-Merlebach, Hombourg-Haut;La Cité de la Chapelle*
Moselle;Metz;Bellecroix
Moselle;Metz;Borny (Les Hauts de Blémont)
Moselle;Metz;Chemin de la Moselle
Moselle;Metz;Hannaux, Frécot, Barral
Moselle;Metz, Woippy;Pré Génie*, Saint Eloy
Moselle;Fameck;Rémelange
Moselle;Thionville;La Côte des Roses
Moselle;Uckange;Quartier Ouest
Moselle;Yutz;Hexagone
Nièvre;Cosne-Cours-sur-Loire;Saint Laurent
Nièvre;Nevers;La Grande Pâture
Nièvre;Nevers;Le Banlay
Nièvre;Nevers;Les Bords de Loire
Nord;Douchy-les-Mines;La Liberté
Nord;Saint-Amand-les-Eaux;Moulin des Loups, Couture du Limon
Nord;Aniche;Champs de la Nation
Nord;Auby, Douai, Flers-en-Escrebieux, Roost-Warendin;Les Asturies*, Dorignies*, Pont de la Deûle *, Belleforière*
Nord;Douai, Sin-le-Noble, Waziers;La Clochette*,  Le Bivouac*, Notre Dame* 
Nord;Montigny-en-Ostrevent, Pecquencourt;Résidence Lambrecht, Cité du Moucheron, Cité Montigny, Cité des Agneaux, Cités Minières :
Nord;Pecquencourt;Cités Minières : Cité Lemay, Cité Sainte Marie, Cité Nouvelle (Camus)
Nord;Sin-le-Noble;Les Epis
Nord;Somain;Cité de Sessevalle
Nord;Dunkerque;Quartier Sud : Basse Ville, L'Ile Jeanty, Jeu de Mail, Carré de la Vieille, Banc Vert
Nord;Grande-Synthe;Europe, Albeck, Anciens Jardiniers
Nord;Saint-Pol-sur-Mer;Quartiers Ouest, Cité Liberté
Nord;Téteghem;Degroote
Nord;Hautmont;Les Cités
Nord;Haubourdin;Quartier du Parc
Nord;Hem;Beaumont
Nord;Hem, Roubaix;Longchamps, Trois Baudets, Trois Fermes, Lionderie, Nouveau Roubaix, Hauts Champs*
Nord;Lille;Bois Blancs
Nord;Lille;Fives
Nord;Lille, Loos;Faubourg de Béthune, Moulins, Lille Sud*, L'Epi de Soil*
Nord;Lille;Vieux Moulins
Nord;Lille;Wazemmes
Nord;Loos;Les Oliveaux
Nord;Mons-en-Baroeul;Nouveau Mons
Nord;Ostricourt;Cités Minières
Nord;Croix, Roubaix, Tourcoing;Bas Saint Pierre*, Roubaix Nord* : Epeule*, Trichon,  Alouette, Fresnoy, Mackellerie, Alma
Nord;Roubaix;Roubaix Est : Moulin, Potennerie, Sainte Elisabeth, Pile, Sartel Carihem, Trois Ponts
Nord;Seclin;La Mouchonnière
Nord;Tourcoing;La Bourgogne
Nord;Tourcoing;Le Pont Rompu
Nord;Wattrelos;Beaulieu
Nord;Feignies;Cité Cordonniers et Explorateurs
Nord;Jeumont;Lambreçon
Nord;Jeumont;Roquelles
Nord;Maubeuge;Epinette
Nord;Maubeuge;Provinces françaises
Nord;Maubeuge;Sous le Bois, Montplaisir
Nord;Anzin;Bleuse Borne
Nord;Anzin;Carpeaux
Nord;Aulnoy-lez-Valenciennes;ZAC de l'Aérodrome
Nord;Beuvrages;Cité Fénelon
Nord;Bruay-sur-l'Escaut, Escautpont;Cité Thiers*
Nord;Condé-sur-l'Escaut;Macou
Nord;Denain;Faubourg du Château
Nord;Marly, Valenciennes;La Briquette*, Faubourg de Cambrai
Nord;Quiévrechain;Blanc Misseron
Nord;Raismes;Cité Sabatier
Nord;Anzin, Valenciennes;Secteur intercommunal* : Dutemple, Saint Waast*, Chasse Royale, Coron des Cent Vingt*
Nord;Vieux-Condé;La Solitude
Oise;Compiègne;Quartier de la Victoire, ZUP 922, Clos des Roses
Oise;Méru;La Nacre
Oise;Noyon;Mont Saint Siméon
Oise;Beauvais;Argentine
Oise;Beauvais;Saint Jean
Oise;Creil, Montataire;Plateau Rouher*
Oise;Montataire;Les Martinets
Oise;Nogent-sur-Oise;Les Obiers, La Commanderie
Orne;Argentan;Saint Michel
Orne;Alençon;Courteille
Orne;Alençon;Perseigne
Orne;Flers;Saint Michel
Orne;Flers;Saint Sauveur, Pont Féron
Pas-de-Calais;Arras;Résidence Saint Pol, Blancs Monts, Beaudimont
Pas-de-Calais;Saint-Laurent-Blangy, Saint-Nicolas;ZAC*
Pas-de-Calais;Auchel;Cité Vandervelde
Pas-de-Calais;Béthune;Mont Liébaut
Pas-de-Calais;Bruay-la-Bussière, Haillicourt, Houdain;Salengro (Stade Parc)*, Cité 32 bis*, Cité 32 *
Pas-de-Calais;Auchel, Marles-les-Mines;Cité de Marles*
Pas-de-Calais;Boulogne-sur-Mer;Chemin Vert
Pas-de-Calais;Le Portel;ZAC Henriville, Cité de la Reconstruction
Pas-de-Calais;Calais;Le Beau Marais
Pas-de-Calais;Calais;Quartier du Fort Nieulay
Pas-de-Calais;Avion;Quartier de la République, Quartier du 4
Pas-de-Calais;Carvin;Plantigeons, Fosse 4, Eglissières
Pas-de-Calais;Courrières;Quartier du Rotois
Pas-de-Calais;Harnes;Cité d'Orient, Bellevue
Pas-de-Calais;Hénin-Beaumont;Quartier Sud Ouest (Jean Macé)
Pas-de-Calais;Hénin-Beaumont, Montigny-en-Gohelle;ZAC des 2 Villes*
Pas-de-Calais;Lens;Grande Résidence
Pas-de-Calais;Lens;Résidence Sellier, Cité du 4
Pas-de-Calais;Liévin;Cité Riaumont, Résidence Blum, Salengro
Pas-de-Calais;Liévin;Calonne, Marichelles, Europe
Pas-de-Calais;Liévin;Résidence Lebas, Vent de Bise, Rollencourt
Pas-de-Calais;Bully-les-Mines, Mazingarbe;Cité des Brebis*
Pas-de-Calais;Rouvroy;Cité de Nouméa
Pas-de-Calais;Sallaumines;Quartier des Blanches Laines
Puy-de-Dôme;Aulnat;Le Breuil, Les Chapelles
Puy-de-Dôme;Clermont-Ferrand;Croix de Neyrat, Quartiers Nord : Champratel, Les Vergnes, La Gauthière, La Plaine
Puy-de-Dôme;Clermont-Ferrand;Fontaine du Bac
Puy-de-Dôme;Clermont-Ferrand;Herbet
Puy-de-Dôme;Clermont-Ferrand;Saint Jacques
Puy-de-Dôme;Cournon-d'Auvergne;Quartier Sud
Puy-de-Dôme;Gerzat;Le Patural, Les Pègues
Puy-de-Dôme;Thiers;Les Jaiffours, Ville Haute
Pyrénées-Atlantiques;Hendaye;Les Joncaux
Pyrénées-Atlantiques;Mourenx;Quartier Neuf (Coueyto)
Pyrénées-Atlantiques;Bayonne;Plateau Saint Etienne
Pyrénées-Atlantiques;Pau;Berlioz
Pyrénées-Atlantiques;Pau;Dufau Tourasse
Pyrénées-Atlantiques;Pau;Ousse des Bois, Le Hameau
Hautes-Pyrénées;Tarbes;Quartier Nord : Laubadère
Hautes-Pyrénées;Tarbes;Solazur
Pyrénées-Orientales;Perpignan;Le Vernet
Pyrénées-Orientales;Perpignan;Saint Jacques, Saint Mathieu, La Réal
Bas-Rhin;Bischheim, Hoenheim, Schiltigheim,  Strasbourg;Grand Ried : At Home*, Ried*, Cité d'Ill*
Bas-Rhin;Lingolsheim;Tiergaertel (Les Hirondelles)
Bas-Rhin;Bischheim, Schiltigheim;Quartier des Ecrivains* (Cité Erstein)
Bas-Rhin;Strasbourg;Cronenbourg (Cité Nucléaire)
Bas-Rhin;Strasbourg;Elsau, Montagne Verte
Bas-Rhin;Strasbourg;Hautepierre
Bas-Rhin;Strasbourg;Koenigshoffen (Secteur Ouest)
Bas-Rhin;Strasbourg;Meinau  (Canardière Est)
Bas-Rhin;Strasbourg;Neuhof (Cités)
Bas-Rhin;Strasbourg;Port du Rhin
Haut-Rhin;Illzach;Chêne Hêtre
Haut-Rhin;Colmar;Europe
Haut-Rhin;Mulhouse;Briand Franklin
Haut-Rhin;Mulhouse;Brossolette (Bourtzwiller)
Haut-Rhin;Mulhouse;Drouot
Haut-Rhin;Mulhouse;Les Coteaux
Haut-Rhin;Mulhouse;Porte du Miroir
Haut-Rhin;Mulhouse;Wolf, Wagner, Vauban, Neppert
Haut-Rhin;Wittelsheim et Wittenheim;La Thur* et Markstein* (Bassin Potassique)
Rhône;Brignais;Les Pérouses
Rhône;Bron;Parilly
Rhône;Bron;Terraillon
Rhône;Fontaines-sur-Saône;Les Marronniers
Rhône;Lyon 9e;La Duchère
Rhône;Lyon 8e;Etats Unis
Rhône;Lyon 3e et 7e;La Guillotière
Rhône;Lyon 8e;Mermoz
Rhône;Lyon 1er;Pentes Croix Rousse
Rhône;Oullins;Le Golf
Rhône;Oullins;La Saulaie
Rhône;Pierre-Bénite;Hautes Roches
Rhône;Saint-Fons;L'Arsenal
Rhône;Saint-Fons;Les Clochettes
Rhône;Vaulx-en-Velin;Cité Tase, Cité de la Balme
Rhône;Vaulx-en-Velin;Ex ZUP, Grappinière, Petit Pont
Rhône;Vénissieux;Les Minguettes
Rhône;Vénissieux;Max Barrel
Rhône;Villeurbanne;Bel Air, Les Brosses
Rhône;Villeurbanne;Les Buers
Rhône;Villeurbanne;Saint Jean
Rhône;Décines-Charpieu;Le Prainet
Rhône;Meyzieu;Les Plantées
Rhône;Rillieux-la-Pape;Ville nouvelle
Rhône;Saint-Priest;Alpes Bellevue
Rhône;Saint-Priest;Bel Air
Rhône;Villefranche-sur-Saône;Béligny
Rhône;Gleizé, Limas, Villefranche-sur-Saône;Belleroche*
Rhône;Givors;Les Vernes
Rhône;Grigny;Vallon Jayon
Haute-Saône;Gray;Les Capucins
Haute-Saône;Lure;Le Mortard
Haute-Saône;Héricourt;Les Chenevières
Haute-Saône;Vesoul;Montmarin
Saône-et-Loire;Chalon-sur-Saône;Fontaine au Loup, Le Stade
Saône-et-Loire;Chalon-sur-Saône;Prés Saint Jean
Saône-et-Loire;Mâcon;Chanaye, Résidence
Saône-et-Loire;Mâcon;Les Saugeraies, Gautriats
Saône-et-Loire;Le Creusot;Harfleur
Saône-et-Loire;Torcy;Résidence du Lac
Sarthe;Allonnes;Chaoué, Perrières
Sarthe;Coulaines, Le Mans;Bellevue*
Sarthe;Le Mans;L'Epine
Sarthe;Le Mans;Les Sablons
Sarthe;Le Mans;Ronceray, Glonnières
Savoie;Chambéry;Chambéry le Haut, Chantemerle, Le Piochet, La Cassine
Savoie;Chambéry;Le Biollay, Bellevue
Haute-Savoie;Cluses;Les Ewües
Haute-Savoie;Annemasse;Le Perrier
Paris;Paris 18e;HBM Aubervilliers
Paris;Paris 20e;HBM Ménilmontant
Paris;Paris 18e;La Goutte d'Or
Paris;Paris 10e;Porte Saint Denis, Porte Saint Martin
Paris;Paris 11e;Fontaine au Roi
Paris;Paris 17e;Porte de Saint Ouen, Porte de Clichy
Paris;Paris 18e;Porte de Montmartre
Paris;Paris 19e;Curial, Cambrai, Alphonse Karr
Paris;Paris 20e;Belleville
Seine-Maritime;Canteleu;Cité Rose
Seine-Maritime;Canteleu;Cité Verte
Seine-Maritime;Dieppe;Les Bruyères
Seine-Maritime;Dieppe;Neuville Neuf
Seine-Maritime;Dieppe;Val Druel
Seine-Maritime;Fécamp;Parc du Ramponneau
Seine-Maritime;Gonfreville-l'Orcher;Quartiers Est
Seine-Maritime;Le Havre;Caucriauville
Seine-Maritime;Le Havre;Eure, Brindeau
Seine-Maritime;Le Havre;Les Neiges
Seine-Maritime;Le Havre;Mont Gaillard, La Forêt (Bois de Bléville), Mare Rouge
Seine-Maritime;Le Petit-Quevilly;Saint Julien, Quartier des Bruyères
Seine-Maritime;Le Petit-Quevilly;ZAC Nobel Bozel
Seine-Maritime;Rouen;Le Plateau : Les Sapins, Châtelet, La Lombardie, La Grand'Mare
Seine-Maritime;Rouen;La Sablière
Seine-Maritime;Saint-Etienne-du-Rouvray;Cité du Château Blanc
Seine-Maritime;Saint-Etienne-du-Rouvray;Cité Hartmann, La Houssière
Seine-Maritime;Sotteville-lès-Rouen;Quartier Fernand Buisson
Seine-Maritime;Sotteville-lès-Rouen;Quartier Gadeau de Kerville
Seine-Maritime;Elbeuf;Le Puchot, Mesliers, Mont Duve
Seine-et-Marne;Emerainville;Le Clos Emery
Seine-et-Marne;Nemours;ZUP du Mont Saint Martin
Seine-et-Marne;Chelles;La Grande Prairie
Seine-et-Marne;Provins;Champbenoist
Seine-et-Marne;Meaux;Beauval, La Pierre Collinet
Seine-et-Marne;Dammarie-les-Lys;La Plaine du Lys, L'Abbaye du Lys
Seine-et-Marne;Le Mée-sur-Seine;ZAC des Courtilleraies
Seine-et-Marne;Melun;Quartiers Nord
Seine-et-Marne;Montereau-Fault-Yonne;ZUP de Surville
Yvelines;Carrières-sous-Poissy;Les Grésillons
Yvelines;Montigny-le-Bretonneux;Les Prés
Yvelines;Poissy;Beauregard
Yvelines;Poissy;La Coudraie
Yvelines;Achères;Le Champ de Villars, La Barricade, Les Plantes d'Hennemont
Yvelines;Chanteloup-les-Vignes;La Cité : La Noë, Les Feucherets
Yvelines;Mantes-la-Jolie;Le Val Fourré
Yvelines;Mantes-la-Ville;Merisiers, Plaisance
Yvelines;Sartrouville;Le Plateau, Cité des Indes
Yvelines;Magny-les-Hameaux;Le Buisson
Yvelines;Trappes;Les Merisiers
Yvelines;La Verrière;Le Bois de l'Etang
Yvelines;La Verrière;Quartier Orly Parc
Yvelines;Aubergenville;Cité d'Acosta
Yvelines;Ecquevilly;Cité du Parc
Yvelines;Les Mureaux;Cinq Quartiers : Bécheville, Les Bougimonts, L'Ile de France, La Vigne Blanche, Les Musici
Deux-Sèvres;Niort;Tour Chabot, Gavacherie, Clou Bouchet
Somme;Abbeville;Soleil Levant, Les Bouleaux
Somme;Abbeville;ZAC, L'Espérance (les 200 logements)
Somme;Amiens;Etouvie
Somme;Amiens;Quartier Nord
Somme;Amiens;Quartier Sud Est
Tarn;Albi;Cantepau
Tarn;Albi;Lapanouse, Saint Martin
Tarn;Castres;Aillot, Bisséous
Tarn;Castres;Laden, Petit Train
Tarn;Carmaux;Quartiers Nord : Cambous, Cérou, Europe
Tarn;Aussillon;La Falgalarié
Var;Fréjus;La Gabelle
Var;La Seyne-sur-Mer;Quartiers Est : Les Mouissèques, La Rouve
Var;La Seyne-sur-Mer;ZUP de Berthe
Var;Toulon;Centre Ancien
Var;Toulon;La Beaucaire
Var;Toulon;Le Jonquet, La Baume, Le Guynemer
Var;Toulon;Sainte Musse
Vaucluse;Avignon;Croix des Oiseaux, Saint Chamand
Vaucluse;Avignon;Monclar
Vaucluse;Avignon;Quartiers Est : Saint Jean, Reine Jeanne, Grange d'Orel
Vaucluse;Carpentras;Eléphant, Amandiers
Vaucluse;Carpentras;Pous du Plan
Vaucluse;Orange;Quartiers Nord : Fourchesvieilles, Portail Lançon, Aygues
Vendée;La Roche-sur-Yon;Les Pyramides, Les Forges
Vienne;Châtellerault;Ozon, Les Renardières
Vienne;Poitiers;Bel Air, Poitiers Ouest
Vienne;Poitiers;Bellejouanne, Poitiers Sud
Haute-Vienne;Limoges;Beaubreuil
Haute-Vienne;Limoges;La Bastide
Haute-Vienne;Limoges;Val de l'Aurence
Vosges;Épinal;Bitola
Vosges;Épinal;La Vierge
Vosges;Épinal;Plateau Justice, ZAC, Saut le Cerf
Vosges;Saint-Dié-des-Vosges;Kellermann
Vosges;Saint-Dié-des-Vosges;L'Orme, Saint Roch
Yonne;Avallon;La Morlande
Yonne;Saint-Florentin;La Trecey
Yonne;Auxerre;Quartiers Est
Yonne;Auxerre;Les Brichères
Yonne;Auxerre;Rosoirs
Yonne;Auxerre;Saint Siméon, Sainte Geneviève
Yonne;Sens;Quartiers Est : Les Champs d'Aloup, Les Champs Plaisants, Les Arènes, Les Chaillots
Territoire de Belfort;Belfort;Les Glacis
Territoire de Belfort;Belfort;Les Résidences
Territoire de Belfort;Offemont;Arsot
Essonne;Boussy-Saint-Antoine;Les Buissons, Les Marelles
Essonne;Courcouronnes;Le Canal
Essonne;Etampes;Le Plateau de Guinette
Essonne;Les Ulis;Quartier Ouest
Essonne;Massy;Villaine
Essonne;Corbeil-Essonnes;La Nacelle
Essonne;Corbeil-Essonnes;Les Tarterêts
Essonne;Corbeil-Essonnes;Montconseil
Essonne;Évry;Les Pyramides
Essonne;Évry;Parc aux Lièvres
Essonne;Ris-Orangis;Grand Ensemble du Plateau
Essonne;Draveil;L'Orme des Mazières, Danton
Essonne;Draveil, Vigneux-sur-Seine;Les Bergeries*
Essonne;Montgeron, Vigneux-sur-Seine;La Prairie de l'Oly*
Essonne;Vigneux-sur-Seine;La Croix Blanche
Essonne;Athis-Mons;Le Noyer Renard
Essonne;Fleury-Mérogis;Les Aunettes
Essonne;Grigny;Grigny 2
Essonne;Grigny, Viry-Châtillon;La Grande Borne*
Essonne;Viry-Châtillon;Cilof
Essonne;Sainte-Geneviève-des-Bois;Les Aunettes
Essonne;Saint-Michel-sur-Orge;Bois des Roches
Essonne;Brunoy;Les Hautes Mardelles
Essonne;Epinay-sous-Sénart;Cinéastes, La Plaine
Essonne;Quincy-sous-Sénart;Vieillet
Essonne;Massy/Antony (92);Le Grand Ensemble*
Hauts-de-Seine;Châtenay-Malabry;La Butte Rouge
Hauts-de-Seine;Boulogne-Billancourt;Pont de Sèvres
Hauts-de-Seine;Asnières-sur-Seine;Quartiers Nord
Hauts-de-Seine;Clichy;Entrée de Ville : Victor Hugo
Hauts-de-Seine;Colombes;Europe, Ile Marante
Hauts-de-Seine;Colombes;Fossé Jean, Gare du Stade
Hauts-de-Seine;Colombes;Petit Colombes
Hauts-de-Seine;Gennevilliers;Le Luth
Hauts-de-Seine;Gennevilliers;Les Grésillons
Hauts-de-Seine;Bagneux, Bourg-La-Reine, Fontenay-aux-Roses, Sceaux;Les Blagis*
Hauts-de-Seine;Nanterre;Chemin de l'Ile 
Hauts-de-Seine;Nanterre;Le Parc
Hauts-de-Seine;Nanterre;Petit Nanterre
Hauts-de-Seine;Nanterre;Provinces Françaises, Marcellin Berthelot, Anatole France
Hauts-de-Seine;Villeneuve-la-Garenne;La Caravelle
Hauts-de-Seine;Villeneuve-la-Garenne;Seine Sablière
Seine-Saint-Denis;Dugny;Quartier Sud
Seine-Saint-Denis;Noisy-le-Grand;Champy
Seine-Saint-Denis;Pierrefitte-sur-Seine;Les Poètes
Seine-Saint-Denis;Noisy-le-Grand;Le Pavé Neuf
Seine-Saint-Denis;Aubervilliers, Saint-Denis;Landy*
Seine-Saint-Denis;Aubervilliers, Pantin;Villette, Quatre Chemins*
Seine-Saint-Denis;Aulnay-sous-Bois;La Rose des Vents, Cité Emmaüs, Le Merisier, Les Etangs
Seine-Saint-Denis;Bagnolet;Les Coutures
Seine-Saint-Denis;Bagnolet;Malassis
Seine-Saint-Denis;Dugny, Le Blanc-Mesnil;Pont Yblon*, Quartiers Nord : Cité 212*, Grand Ensemble des Tilleuls, Cité Floréal Aviatio
Seine-Saint-Denis;Bobigny;Karl Marx, Paul Eluard
Seine-Saint-Denis;Bobigny, Drancy;L'Abreuvoir*
Seine-Saint-Denis;Bondy;Quartier Blanqui
Seine-Saint-Denis;Bondy;Quartier Nord
Seine-Saint-Denis;Clichy-sous-Bois, Montfermeil;Grand Ensemble* (Haut et Bas)
Seine-Saint-Denis;Drancy;Cité Marcel Cachin, Jules Auffrey, La Muette
Seine-Saint-Denis;Epinay-sur-Seine;La Source, Les Presles, Le Centre
Seine-Saint-Denis;Epinay-sur-Seine;Orgemont
Seine-Saint-Denis;La Courneuve;Les 4000
Seine-Saint-Denis;Montreuil;Grands Pêchers, Bel Air
Seine-Saint-Denis;Montreuil;La Noue
Seine-Saint-Denis;Montreuil;Montreau, Ruffins
Seine-Saint-Denis;Neuilly-sur-Marne;Les Fauvettes
Seine-Saint-Denis;Noisy-le-Sec;La Boissière
Seine-Saint-Denis;Noisy-le-Sec;Le Londeau
Seine-Saint-Denis;Bobigny, Pantin;Etoile, Grémillon, Pont de Pierre*, Les Courtillières*
Seine-Saint-Denis;Saint-Denis;Cité Allende
Seine-Saint-Denis;Saint-Denis;Floréal, Saussaie
Seine-Saint-Denis;Saint-Denis;Les Francs Moisins, Bel Air
Seine-Saint-Denis;Sevran;Les Beaudottes
Seine-Saint-Denis;Sevran;Pont Blanc
Seine-Saint-Denis;Sevran;Rougemont
Seine-Saint-Denis;Stains;Clos Saint Lazare, Allende
Seine-Saint-Denis;Stains;Moulin Neuf
Seine-Saint-Denis;Villetaneuse;Allende
Seine-Saint-Denis;Villetaneuse;Grandcoing
Val-de-Marne;Alfortville;Quartiers Sud (Grand Ensemble)
Val-de-Marne;Bonneuil-sur-Marne;Le Grand Ensemble, Cité Fabien
Val-de-Marne;Champigny-sur-Marne;Cité Jardins, Les Boullereaux
Val-de-Marne;Champigny-sur-Marne, Chennevières-sur-Marne;Le Bois l'Abbé*
Val-de-Marne;Champigny-sur-Marne;Les Mordacs
Val-de-Marne;Choisy-le-Roi;Les Dalles
Val-de-Marne;Créteil;Les Planètes, Bleuets, Bordières
Val-de-Marne;Créteil;Habette, Square Martinez, Côte d'Or
Val-de-Marne;Créteil;Hauts du Mont Mesly
Val-de-Marne;Créteil;Palais, Sablières
Val-de-Marne;Ivry-sur-Seine;Cité Gagarine
Val-de-Marne;Ivry-sur-Seine;Pierre et Marie Curie
Val-de-Marne;Limeil-Brévannes;Ile de France
Val-de-Marne;Limeil-Brévannes;Résidence du Parc (Saint Martin)
Val-de-Marne;Choisy-le-Roi, Orly;Le Grand Ensemble* : Les Navigateurs
Val-de-Marne;Valenton;La Lutèce
Val-de-Marne;Valenton;Les Polognes
Val-de-Marne;Villeneuve-le-Roi;Haut Pays et Gruisie
Val-de-Marne;Villeneuve-le-Roi;Quartier du Bord de l'Eau (Cité Paul Bert)
Val-de-Marne;Villeneuve-Saint-Georges;Le Bois Matar, Le Plateau
Val-de-Marne;Villeneuve-Saint-Georges;Quartier Nord
Val-de-Marne;Villiers-sur-Marne;Les Hautes Noues
Val-de-Marne;Vitry-sur-Seine;Grand Ensemble Ouest et Est : Balzac, Les Maronniers, Les Montagnards
Val-d'Oise;Saint-Ouen-l'Aumône;Chennevières
Val-d'Oise;Franconville;La Fontaine Bertin
Val-d'Oise;Cergy;Saint Christophe
Val-d'Oise;Argenteuil;Cité Joliot Curie
Val-d'Oise;Argenteuil;Val d'Argent Nord
Val-d'Oise;Argenteuil;Val d'Argent Sud
Val-d'Oise;Bezons;Quartier de l'Agriculture
Val-d'Oise;Bezons;Tête de Pont
Val-d'Oise;Argenteuil, Bezons;Val Notre Dame*
Val-d'Oise;Deuil-la-Barre, Montmagny;Quartier de la Galathée*, Quartier des Carrières et du Château*
Val-d'Oise;Montigny-lès-Cormeilles;Les Frances
Val-d'Oise;Saint-Gratien;Les Raguenets
Val-d'Oise;Garges-lès-Gonesse;Dame Blanche Nord et Ouest, La Muette
Val-d'Oise;Garges-lès-Gonesse;Les Doucettes, Les Basses Bauves
Val-d'Oise;Gonesse;La Fauconnière
Val-d'Oise;Goussainville;Grandes Bornes, Buttes aux Oies, Ampère
Val-d'Oise;Sarcelles;Chantepie, Les Rosiers
Val-d'Oise;Sarcelles;Chardonnerettes
Val-d'Oise;Sarcelles;Lochères
Val-d'Oise;Villiers-le-Bel;Les Carreaux
Val-d'Oise;Villiers-le-Bel;Puits la Marlière, Derrière les Murs de Monseigneur
Val-d'Oise;Persan;Le Village
Guadeloupe;Les Abymes, Pointe-à-Pitre;Boissard*, Mortenol, Les Lauriers*
Guadeloupe;Les Abymes;Le Raizet
Guadeloupe;Les Abymes;Grand Camp
Guadeloupe;Les Abymes, Pointe-à-Pitre;Sortie Sud Est : Carénage*, Cour Zamia, Chemin neuf*
Guadeloupe;Basse-Terre;Rivière des Pères
Guadeloupe;Basse-Terre;Le Carmel
Guadeloupe;Pointe-à-Pitre;Lauricisque
Guadeloupe;Saint-Martin;Orléans
Martinique;Fort-de-France;Dillon
Martinique;Fort-de-France;Godissart
Martinique;Fort-de-France;Terres Sainville
Martinique;Fort-de-France;Trénelle Citron
Martinique;Fort-de-France;Volga
Martinique;Le Lamentin;Quartiers Ouest : Vieux Pont, Bas Mission, Four à Chaux
Guyane;Cayenne;Village Chinois, Quartiers Sud
Guyane;Kourou;Quartier Europe, Bourg
Guyane;Kourou;Quartier Nord : Village Indien, Cité des 205
Guyane;Saint-Laurent-du-Maroni;Bourg, Charbonnière
La Réunion;Le Port;ZAC 1 et 2 
La Réunion;La Possession;ZAC Saint Laurent
La Réunion;Saint-André;La Cressonnière
La Réunion;Saint-Benoît;Quartier Rive droite, Bras Fusil
La Réunion;Saint-Denis;Camélias, Vauban
La Réunion;Saint-Denis;Commune Prima, Domenjod
La Réunion;Saint-Denis;Le Chaudron, Moufia, Cerf, Sainte Clotilde
La Réunion;Saint-Denis;La Source, Bellepierre
La Réunion;Saint-Leu;Piton Saint Leu
La Réunion;Saint-Paul;Plateau Caillou
La Réunion;Saint-Paul;La Saline
La Réunion;Saint-Pierre;Basse Terre, Jolifond
La Réunion;Saint-Pierre;Ravine des Cabris, Bois d'Olives
La Réunion;Sainte-Marie;Le Verger, La Découverte, Les Gaspards
La Réunion;Trois-Bassins;Mont Vert
Mayotte;Mamoudzou;N'Gombani
